06kKvQp4SfM.mp4	06kKvQp4SfM	mp4	06kKvQp4SfM.mp4
8NqJiAu9W3Y.mp4	8NqJiAu9W3Y	mp4	8NqJiAu9W3Y.mp4
bxZtXdVvfpc.mp4	bxZtXdVvfpc	mp4	bxZtXdVvfpc.mp4
_Ce7G35GIqA.mp4	_Ce7G35GIqA	mp4	_Ce7G35GIqA.mp4
DjFX4idkS3o.mp4	DjFX4idkS3o	mp4	DjFX4idkS3o.mp4
gnArvcWaH6I.mp4	gnArvcWaH6I	mp4	gnArvcWaH6I.mp4
_iirwC_DvJ0.mp4	_iirwC_DvJ0	mp4	_iirwC_DvJ0.mp4
IrSIHJ0-AaU.mp4	IrSIHJ0-AaU	mp4	IrSIHJ0-AaU.mp4
lhHkJ3InQOE.mp4	lhHkJ3InQOE	mp4	lhHkJ3InQOE.mp4
nJa_omJBzoU.mp4	nJa_omJBzoU	mp4	nJa_omJBzoU.mp4
YynYZyoETto.mp4	YynYZyoETto	mp4	YynYZyoETto.mp4
